<assembly
	xmlns="http://maven.apache.org/plugins/maven-assembly-plugin/assembly/1.1.2"
	xmlns:xsi="http://www.w3.org/2001/XMLSchema-instance"
	xsi:schemaLocation="http://maven.apache.org/plugins/maven-assembly-plugin/assembly/1.1.2 http://maven.apache.org/xsd/assembly-1.1.2.xsd">
	<id>distribution</id>
	<formats>
		<format>zip</format>
	</formats>

	<dependencySets>
		<dependencySet>
			<unpack>false</unpack>
			<outputDirectory>lib/mandatory</outputDirectory>
			<scope>test</scope>
			<includes>
				<include>com.google.guava:guava</include>
				<include>br.com.caelum:iogi</include>
				<include>org.javassist:javassist</include>
				<include>org.slf4j:slf4j-api</include>
				<include>org.slf4j:slf4j-simple</include>
				<include>net.vidageek:mirror</include>
				<include>com.thoughtworks.paranamer:paranamer</include>
			</includes>
		</dependencySet>

		<dependencySet>
			<unpack>false</unpack>
			<outputDirectory>lib/javaee</outputDirectory>
			<scope>test</scope>
			<includes>
				<include>javax.inject:javax.inject</include>
				<include>javax.annotation:javax.annotation-api</include>
				<include>javax.interceptor:javax.interceptor-api</include>
				<include>javax.enterprise:cdi-api</include>
				<include>javax.ejb:javax.ejb-api</include>
				<include>javax.servlet:jstl</include>
			</includes>
		</dependencySet>
		
		<dependencySet>
			<unpack>false</unpack>
			<outputDirectory>lib/weld</outputDirectory>
			<scope>test</scope>
			<includes>
				<include>org.jboss.weld.se:weld-se-core</include>
				<include>org.jboss.weld:weld-spi</include>
				<include>org.jboss.weld:weld-api</include>
				<include>org.jboss.weld:weld-core-impl</include>
				<include>org.jboss.weld.servlet:weld-servlet-core</include>
				<include>org.jboss.classfilewriter:jboss-classfilewriter</include>
				<include>org.jboss.spec.javax.el:jboss-el-api_3.0_spec</include>
				<include>org.jboss.spec.javax.interceptor:jboss-interceptors-api_1.2_spec</include>
				<include>org.jboss.spec.javax.annotation:jboss-annotations-api_1.2_spec</include>
			</includes>
		</dependencySet>

		<dependencySet>
			<unpack>false</unpack>
			<outputDirectory>lib/serialization</outputDirectory>
			<includes>
				<include>com.thoughtworks.xstream:xstream</include>
				<include>xmlpull:xmlpull</include>
				<include>xpp3:xpp3_min</include>
				<include>com.google.code.gson:gson</include>
			</includes>
		</dependencySet>

		<dependencySet>
			<unpack>false</unpack>
			<outputDirectory>lib/validation</outputDirectory>
			<scope>test</scope>
			<includes>
				<include>javax.validation:validation-api</include>
				<include>org.hibernate:hibernate-validator</include>
				<include>org.hibernate:hibernate-validator-cdi</include>
				<include>org.jboss.logging:jboss-logging</include>
				<include>com.fasterxml:classmate</include>
			</includes>
		</dependencySet>

		<dependencySet>
			<unpack>false</unpack>
			<outputDirectory>lib/fileupload</outputDirectory>
			<includes>
				<include>commons-fileupload:commons-fileupload</include>
				<include>commons-io:commons-io</include>
			</includes>
		</dependencySet>
	</dependencySets>

	<fileSets>
		<!-- parent -->
		<fileSet>
			<includes>
				<include>src/</include>
				<include>README*</include>
				<include>LICENSE*</include>
			</includes>
		</fileSet>

		<fileSet>
			<directory>target</directory>
			<outputDirectory>/</outputDirectory>
			<includes>
				<include>apidocs/**</include>
				<include>vraptor-${project.version}.jar</include>
			</includes>
		</fileSet>
	</fileSets>
</assembly>

