<assembly xmlns="http://maven.apache.org/plugins/maven-assembly-plugin/assembly/1.1.2"
    xmlns:xsi="http://www.w3.org/2001/XMLSchema-instance"
    xsi:schemaLocation="http://maven.apache.org/plugins/maven-assembly-plugin/assembly/1.1.2 http://maven.apache.org/xsd/assembly-1.1.2.xsd">
	<id>distribution</id>
	<formats>
		<format>zip</format>
	</formats>

	<files>
		<file>
			<source>${project.build.directory}/pom-dist.xml</source>
			<outputDirectory>/</outputDirectory>
			<destName>pom.xml</destName>
			<filtered>true</filtered>
		</file>
	</files>

	<fileSets>
		<fileSet>
			<includes>
				<include>src/</include>
				<include>README*</include>
				<include>LICENSE*</include>
			</includes>
		</fileSet>
	</fileSets>
</assembly>

