<project xmlns="http://maven.apache.org/POM/4.0.0" xmlns:xsi="http://www.w3.org/2001/XMLSchema-instance" xsi:schemaLocation="http://maven.apache.org/POM/4.0.0 http://maven.apache.org/xsd/maven-4.0.0.xsd">
	<modelVersion>4.0.0</modelVersion>

	<groupId>your.groupid</groupId>
	<artifactId>your-artifactid</artifactId>
	<version>1.0.0</version>
	<packaging>war</packaging>

	<description>A blank project to start using VRaptor 4</description>

	<properties>
		<project.build.sourceEncoding>UTF-8</project.build.sourceEncoding>
		<weld.version>2.1.2.Final</weld.version>
	</properties>

	<dependencies>
		<dependency>
			<groupId>br.com.caelum</groupId>
			<artifactId>vraptor</artifactId>
			<version>VRAPTOR_VERSION_HERE</version>
		</dependency>

		<dependency>
			<groupId>org.jboss.weld.servlet</groupId>
			<artifactId>weld-servlet-core</artifactId>
			<version>${weld.version}</version>
		</dependency>
		
        <dependency>
            <groupId>org.jboss.weld</groupId>
            <artifactId>weld-core-impl</artifactId>
            <version>${weld.version}</version>
        </dependency>

		<dependency>
		    <groupId>javax.el</groupId>
		    <artifactId>el-api</artifactId>
		    <version>2.2</version>
		    <scope>provided</scope>
		</dependency>
		
		<dependency>
			<groupId>org.hibernate</groupId>
			<artifactId>hibernate-validator-cdi</artifactId>
			<version>5.1.1.Final</version>
		</dependency>

		<dependency>
			<groupId>javax.servlet</groupId>
			<artifactId>jstl</artifactId>
			<version>1.2</version>
		</dependency>

		<dependency>
			<groupId>javax.servlet</groupId>
			<artifactId>javax.servlet-api</artifactId>
			<version>3.1.0</version>
			<scope>provided</scope>
		</dependency>

		<dependency>
			<groupId>org.slf4j</groupId>
			<artifactId>slf4j-log4j12</artifactId>
			<version>1.7.5</version>
		</dependency>

	</dependencies>

	<build>
		<finalName>your.groupid</finalName>
		<outputDirectory>src/main/webapp/WEB-INF/classes</outputDirectory>
		<plugins>
			<plugin>
				<groupId>org.apache.maven.plugins</groupId>
				<artifactId>maven-compiler-plugin</artifactId>
				<version>3.1</version>
				<configuration>
					<source>1.7</source>
					<target>1.7</target>
				</configuration>
			</plugin>
			<plugin>
				<groupId>org.apache.tomcat.maven</groupId>
				<artifactId>tomcat7-maven-plugin</artifactId>
				<version>2.1</version>
				<configuration>
					<path>/</path>
				</configuration>
			</plugin>

		</plugins>
	</build>
</project>
